timestamp,session_id,application_id,device_eui,event_type,fcnt,fport,raw_data_hex,raw_data_ascii,decoded_payload,gateway_id,rssi_dbm,snr_db,spreading_factor,bandwidth,frequency,gateway_lat,gateway_lon,gateway_alt,device_lat,device_lon,device_alt,battery_level,margin_db,acknowledged,gps_source,gps_format
2025-07-08 00:17:54,d6d9c52a,25fd7890-9fa0-4b65-91c8-2d4159673db0,78563412efbeadde,up,24,8,7b2264223a5b32342e302c32322e325d2c227366223a372c2274223a32327d,"{""d"":[24.0,22.2],""sf"":7,""t"":22}","{""d"": [24.0, 22.2], ""sf"": 7, ""t"": 22}",aa555a0000000000,-69,13.5,SF7,125000,868100000,,,,24.0,22.2,,,,,payload_json,array_d
2025-07-08 00:18:02,d6d9c52a,25fd7890-9fa0-4b65-91c8-2d4159673db0,78563412efbeadde,up,25,8,7b2264223a5b32342e382c32332e325d2c227366223a382c2274223a32337d,"{""d"":[24.8,23.2],""sf"":8,""t"":23}","{""d"": [24.8, 23.2], ""sf"": 8, ""t"": 23}",aa555a0000000000,-67,13.2,SF8,125000,868100000,,,,24.8,23.2,,,,,payload_json,array_d
2025-07-08 00:18:11,d6d9c52a,25fd7890-9fa0-4b65-91c8-2d4159673db0,78563412efbeadde,up,26,8,7b2264223a5b32352e372c32332e325d2c227366223a392c2274223a32347d,"{""d"":[25.7,23.2],""sf"":9,""t"":24}","{""d"": [25.7, 23.2], ""sf"": 9, ""t"": 24}",aa555a0000000000,-78,10.5,SF9,125000,868300000,,,,25.7,23.2,,,,,payload_json,array_d
2025-07-08 00:18:19,d6d9c52a,25fd7890-9fa0-4b65-91c8-2d4159673db0,78563412efbeadde,up,27,8,7b2264223a5b32352e392c32332e375d2c227366223a31302c2274223a32357d,"{""d"":[25.9,23.7],""sf"":10,""t"":25}","{""d"": [25.9, 23.7], ""sf"": 10, ""t"": 25}",aa555a0000000000,-74,10.8,SF10,125000,868100000,,,,25.9,23.7,,,,,payload_json,array_d
2025-07-08 00:18:28,d6d9c52a,25fd7890-9fa0-4b65-91c8-2d4159673db0,78563412efbeadde,up,28,8,7b2264223a5b32362e392c32332e365d2c227366223a31312c2274223a32357d,"{""d"":[26.9,23.6],""sf"":11,""t"":25}","{""d"": [26.9, 23.6], ""sf"": 11, ""t"": 25}",aa555a0000000000,-77,6.8,SF11,125000,868300000,,,,26.9,23.6,,,,,payload_json,array_d
2025-07-08 00:18:38,d6d9c52a,25fd7890-9fa0-4b65-91c8-2d4159673db0,78563412efbeadde,up,29,8,7b2264223a5b32362e372c32332e375d2c227366223a31322c2274223a32367d,"{""d"":[26.7,23.7],""sf"":12,""t"":26}","{""d"": [26.7, 23.7], ""sf"": 12, ""t"": 26}",aa555a0000000000,-66,7.5,SF12,125000,868500000,,,,26.7,23.7,,,,,payload_json,array_d
2025-07-08 00:18:46,d6d9c52a,25fd7890-9fa0-4b65-91c8-2d4159673db0,78563412efbeadde,up,30,8,7b2264223a5b32362e352c32332e345d2c227366223a372c2274223a32377d,"{""d"":[26.5,23.4],""sf"":7,""t"":27}","{""d"": [26.5, 23.4], ""sf"": 7, ""t"": 27}",aa555a0000000000,-72,13.0,SF7,125000,868100000,,,,26.5,23.4,,,,,payload_json,array_d
2025-07-08 00:18:55,d6d9c52a,25fd7890-9fa0-4b65-91c8-2d4159673db0,78563412efbeadde,up,31,8,7b2264223a5b32362e362c32322e355d2c227366223a382c2274223a32387d,"{""d"":[26.6,22.5],""sf"":8,""t"":28}","{""d"": [26.6, 22.5], ""sf"": 8, ""t"": 28}",aa555a0000000000,-70,14.5,SF8,125000,868300000,,,,26.6,22.5,,,,,payload_json,array_d
2025-07-08 00:19:03,d6d9c52a,25fd7890-9fa0-4b65-91c8-2d4159673db0,78563412efbeadde,up,32,8,7b2264223a5b32362e322c32322e395d2c227366223a392c2274223a32397d,"{""d"":[26.2,22.9],""sf"":9,""t"":29}","{""d"": [26.2, 22.9], ""sf"": 9, ""t"": 29}",aa555a0000000000,-57,14.0,SF9,125000,868300000,,,,26.2,22.9,,,,,payload_json,array_d
2025-07-08 00:19:12,d6d9c52a,25fd7890-9fa0-4b65-91c8-2d4159673db0,78563412efbeadde,up,33,8,7b2264223a5b32352e392c32332e345d2c227366223a31302c2274223a33307d,"{""d"":[25.9,23.4],""sf"":10,""t"":30}","{""d"": [25.9, 23.4], ""sf"": 10, ""t"": 30}",aa555a0000000000,-78,11.8,SF10,125000,868300000,,,,25.9,23.4,,,,,payload_json,array_d
2025-07-08 00:19:20,d6d9c52a,25fd7890-9fa0-4b65-91c8-2d4159673db0,78563412efbeadde,up,34,8,7b2264223a5b32362e392c32332e395d2c227366223a31312c2274223a33317d,"{""d"":[26.9,23.9],""sf"":11,""t"":31}","{""d"": [26.9, 23.9], ""sf"": 11, ""t"": 31}",aa555a0000000000,-79,6.5,SF11,125000,868500000,,,,26.9,23.9,,,,,payload_json,array_d
2025-07-08 00:19:31,d6d9c52a,25fd7890-9fa0-4b65-91c8-2d4159673db0,78563412efbeadde,up,35,8,7b2264223a5b32362e392c32342e395d2c227366223a31322c2274223a33327d,"{""d"":[26.9,24.9],""sf"":12,""t"":32}","{""d"": [26.9, 24.9], ""sf"": 12, ""t"": 32}",aa555a0000000000,-75,4.8,SF12,125000,868100000,,,,26.9,24.9,,,,,payload_json,array_d
2025-07-08 00:19:39,d6d9c52a,25fd7890-9fa0-4b65-91c8-2d4159673db0,78563412efbeadde,up,36,8,7b2264223a5b32372e322c32352e325d2c227366223a372c2274223a33337d,"{""d"":[27.2,25.2],""sf"":7,""t"":33}","{""d"": [27.2, 25.2], ""sf"": 7, ""t"": 33}",aa555a0000000000,-82,1.8,SF7,125000,868300000,,,,27.2,25.2,,,,,payload_json,array_d
2025-07-08 00:19:47,d6d9c52a,25fd7890-9fa0-4b65-91c8-2d4159673db0,78563412efbeadde,up,37,8,7b2264223a5b32362e352c32352e385d2c227366223a382c2274223a33337d,"{""d"":[26.5,25.8],""sf"":8,""t"":33}","{""d"": [26.5, 25.8], ""sf"": 8, ""t"": 33}",aa555a0000000000,-80,7.5,SF8,125000,868500000,,,,26.5,25.8,,,,,payload_json,array_d
2025-07-08 00:19:55,d6d9c52a,25fd7890-9fa0-4b65-91c8-2d4159673db0,78563412efbeadde,up,38,8,7b2264223a5b32362e332c32352e395d2c227366223a392c2274223a33347d,"{""d"":[26.3,25.9],""sf"":9,""t"":34}","{""d"": [26.3, 25.9], ""sf"": 9, ""t"": 34}",aa555a0000000000,-85,-1.2,SF9,125000,868300000,,,,26.3,25.9,,,,,payload_json,array_d
2025-07-08 00:20:04,d6d9c52a,25fd7890-9fa0-4b65-91c8-2d4159673db0,78563412efbeadde,up,39,8,7b2264223a5b32352e352c32362e355d2c227366223a31302c2274223a33357d,"{""d"":[25.5,26.5],""sf"":10,""t"":35}","{""d"": [25.5, 26.5], ""sf"": 10, ""t"": 35}",aa555a0000000000,-81,1.2,SF10,125000,868300000,,,,25.5,26.5,,,,,payload_json,array_d
2025-07-08 00:20:13,d6d9c52a,25fd7890-9fa0-4b65-91c8-2d4159673db0,78563412efbeadde,up,40,8,7b2264223a5b32342e352c32362e385d2c227366223a31312c2274223a33367d,"{""d"":[24.5,26.8],""sf"":11,""t"":36}","{""d"": [24.5, 26.8], ""sf"": 11, ""t"": 36}",aa555a0000000000,-78,3.8,SF11,125000,868300000,,,,24.5,26.8,,,,,payload_json,array_d
2025-07-08 00:20:23,d6d9c52a,25fd7890-9fa0-4b65-91c8-2d4159673db0,78563412efbeadde,up,41,8,7b2264223a5b32352e302c32362e385d2c227366223a31322c2274223a33377d,"{""d"":[25.0,26.8],""sf"":12,""t"":37}","{""d"": [25.0, 26.8], ""sf"": 12, ""t"": 37}",aa555a0000000000,-83,,SF12,125000,868500000,,,,25.0,26.8,,,,,payload_json,array_d
2025-07-08 00:20:31,d6d9c52a,25fd7890-9fa0-4b65-91c8-2d4159673db0,78563412efbeadde,up,42,8,7b2264223a5b32342e302c32362e385d2c227366223a372c2274223a33387d,"{""d"":[24.0,26.8],""sf"":7,""t"":38}","{""d"": [24.0, 26.8], ""sf"": 7, ""t"": 38}",aa555a0000000000,-79,9.0,SF7,125000,868300000,,,,24.0,26.8,,,,,payload_json,array_d
2025-07-08 00:20:40,d6d9c52a,25fd7890-9fa0-4b65-91c8-2d4159673db0,78563412efbeadde,up,43,8,7b2264223a5b32332e302c32362e345d2c227366223a382c2274223a33397d,"{""d"":[23.0,26.4],""sf"":8,""t"":39}","{""d"": [23.0, 26.4], ""sf"": 8, ""t"": 39}",aa555a0000000000,-79,6.2,SF8,125000,868100000,,,,23.0,26.4,,,,,payload_json,array_d
2025-07-08 00:20:48,d6d9c52a,25fd7890-9fa0-4b65-91c8-2d4159673db0,78563412efbeadde,up,44,8,7b2264223a5b32332e362c32352e395d2c227366223a392c2274223a34307d,"{""d"":[23.6,25.9],""sf"":9,""t"":40}","{""d"": [23.6, 25.9], ""sf"": 9, ""t"": 40}",aa555a0000000000,-79,7.0,SF9,125000,868300000,,,,23.6,25.9,,,,,payload_json,array_d
2025-07-08 00:20:57,d6d9c52a,25fd7890-9fa0-4b65-91c8-2d4159673db0,78563412efbeadde,up,45,8,7b2264223a5b32322e372c32352e305d2c227366223a31302c2274223a34307d,"{""d"":[22.7,25.0],""sf"":10,""t"":40}","{""d"": [22.7, 25.0], ""sf"": 10, ""t"": 40}",aa555a0000000000,-85,-1.0,SF10,125000,868500000,,,,22.7,25.0,,,,,payload_json,array_d
2025-07-08 00:21:05,d6d9c52a,25fd7890-9fa0-4b65-91c8-2d4159673db0,78563412efbeadde,up,46,8,7b2264223a5b32332e332c32342e385d2c227366223a31312c2274223a34317d,"{""d"":[23.3,24.8],""sf"":11,""t"":41}","{""d"": [23.3, 24.8], ""sf"": 11, ""t"": 41}",aa555a0000000000,-83,2.8,SF11,125000,868100000,,,,23.3,24.8,,,,,payload_json,array_d
2025-07-08 00:21:16,d6d9c52a,25fd7890-9fa0-4b65-91c8-2d4159673db0,78563412efbeadde,up,47,8,7b2264223a5b32322e392c32342e325d2c227366223a31322c2274223a34327d,"{""d"":[22.9,24.2],""sf"":12,""t"":42}","{""d"": [22.9, 24.2], ""sf"": 12, ""t"": 42}",aa555a0000000000,-82,2.5,SF12,125000,868500000,,,,22.9,24.2,,,,,payload_json,array_d
2025-07-08 00:21:24,d6d9c52a,25fd7890-9fa0-4b65-91c8-2d4159673db0,78563412efbeadde,up,48,8,7b2264223a5b32332e362c32332e365d2c227366223a372c2274223a34337d,"{""d"":[23.6,23.6],""sf"":7,""t"":43}","{""d"": [23.6, 23.6], ""sf"": 7, ""t"": 43}",aa555a0000000000,-77,7.2,SF7,125000,868100000,,,,23.6,23.6,,,,,payload_json,array_d
2025-07-08 00:21:32,d6d9c52a,25fd7890-9fa0-4b65-91c8-2d4159673db0,78563412efbeadde,up,49,8,7b2264223a5b32342e322c32322e385d2c227366223a382c2274223a34347d,"{""d"":[24.2,22.8],""sf"":8,""t"":44}","{""d"": [24.2, 22.8], ""sf"": 8, ""t"": 44}",aa555a0000000000,-78,9.8,SF8,125000,868100000,,,,24.2,22.8,,,,,payload_json,array_d
2025-07-08 00:21:40,d6d9c52a,25fd7890-9fa0-4b65-91c8-2d4159673db0,78563412efbeadde,up,50,8,7b2264223a5b32342e372c32322e395d2c227366223a392c2274223a34357d,"{""d"":[24.7,22.9],""sf"":9,""t"":45}","{""d"": [24.7, 22.9], ""sf"": 9, ""t"": 45}",aa555a0000000000,-79,9.0,SF9,125000,868100000,,,,24.7,22.9,,,,,payload_json,array_d
2025-07-08 00:21:49,d6d9c52a,25fd7890-9fa0-4b65-91c8-2d4159673db0,78563412efbeadde,up,51,8,7b2264223a5b32342e392c32332e345d2c227366223a31302c2274223a34367d,"{""d"":[24.9,23.4],""sf"":10,""t"":46}","{""d"": [24.9, 23.4], ""sf"": 10, ""t"": 46}",aa555a0000000000,-75,5.5,SF10,125000,868300000,,,,24.9,23.4,,,,,payload_json,array_d
2025-07-08 00:21:58,d6d9c52a,25fd7890-9fa0-4b65-91c8-2d4159673db0,78563412efbeadde,up,52,8,7b2264223a5b32352e392c32332e315d2c227366223a31312c2274223a34367d,"{""d"":[25.9,23.1],""sf"":11,""t"":46}","{""d"": [25.9, 23.1], ""sf"": 11, ""t"": 46}",aa555a0000000000,-75,5.5,SF11,125000,868500000,,,,25.9,23.1,,,,,payload_json,array_d
2025-07-08 00:22:08,d6d9c52a,25fd7890-9fa0-4b65-91c8-2d4159673db0,78563412efbeadde,up,53,8,7b2264223a5b32362e382c32332e315d2c227366223a31322c2274223a34377d,"{""d"":[26.8,23.1],""sf"":12,""t"":47}","{""d"": [26.8, 23.1], ""sf"": 12, ""t"": 47}",aa555a0000000000,-74,5.2,SF12,125000,868500000,,,,26.8,23.1,,,,,payload_json,array_d
2025-07-08 00:22:16,d6d9c52a,25fd7890-9fa0-4b65-91c8-2d4159673db0,78563412efbeadde,up,54,8,7b2264223a5b32372e362c32322e315d2c227366223a372c2274223a34387d,"{""d"":[27.6,22.1],""sf"":7,""t"":48}","{""d"": [27.6, 22.1], ""sf"": 7, ""t"": 48}",aa555a0000000000,-79,5.0,SF7,125000,868500000,,,,27.6,22.1,,,,,payload_json,array_d
2025-07-08 00:22:24,d6d9c52a,25fd7890-9fa0-4b65-91c8-2d4159673db0,78563412efbeadde,up,55,8,7b2264223a5b32382e312c32322e365d2c227366223a382c2274223a34397d,"{""d"":[28.1,22.6],""sf"":8,""t"":49}","{""d"": [28.1, 22.6], ""sf"": 8, ""t"": 49}",aa555a0000000000,-76,6.0,SF8,125000,868500000,,,,28.1,22.6,,,,,payload_json,array_d
2025-07-08 00:22:33,d6d9c52a,25fd7890-9fa0-4b65-91c8-2d4159673db0,78563412efbeadde,up,56,8,7b2264223a5b32372e352c32312e385d2c227366223a392c2274223a35307d,"{""d"":[27.5,21.8],""sf"":9,""t"":50}","{""d"": [27.5, 21.8], ""sf"": 9, ""t"": 50}",aa555a0000000000,-78,8.5,SF9,125000,868300000,,,,27.5,21.8,,,,,payload_json,array_d
2025-07-08 00:22:41,d6d9c52a,25fd7890-9fa0-4b65-91c8-2d4159673db0,78563412efbeadde,up,57,8,7b2264223a5b32372e332c32322e315d2c227366223a31302c2274223a35317d,"{""d"":[27.3,22.1],""sf"":10,""t"":51}","{""d"": [27.3, 22.1], ""sf"": 10, ""t"": 51}",aa555a0000000000,-76,7.5,SF10,125000,868100000,,,,27.3,22.1,,,,,payload_json,array_d
2025-07-08 00:22:50,d6d9c52a,25fd7890-9fa0-4b65-91c8-2d4159673db0,78563412efbeadde,up,58,8,7b2264223a5b32362e362c32312e325d2c227366223a31312c2274223a35327d,"{""d"":[26.6,21.2],""sf"":11,""t"":52}","{""d"": [26.6, 21.2], ""sf"": 11, ""t"": 52}",aa555a0000000000,-75,5.0,SF11,125000,868100000,,,,26.6,21.2,,,,,payload_json,array_d
2025-07-08 00:23:00,d6d9c52a,25fd7890-9fa0-4b65-91c8-2d4159673db0,78563412efbeadde,up,59,8,7b2264223a5b32372e312c32312e365d2c227366223a31322c2274223a35327d,"{""d"":[27.1,21.6],""sf"":12,""t"":52}","{""d"": [27.1, 21.6], ""sf"": 12, ""t"": 52}",aa555a0000000000,-75,4.5,SF12,125000,868300000,,,,27.1,21.6,,,,,payload_json,array_d
2025-07-08 00:23:08,d6d9c52a,25fd7890-9fa0-4b65-91c8-2d4159673db0,78563412efbeadde,up,60,8,7b2264223a5b32382e312c32312e365d2c227366223a372c2274223a35337d,"{""d"":[28.1,21.6],""sf"":7,""t"":53}","{""d"": [28.1, 21.6], ""sf"": 7, ""t"": 53}",aa555a0000000000,-81,7.2,SF7,125000,868300000,,,,28.1,21.6,,,,,payload_json,array_d
2025-07-08 00:23:16,d6d9c52a,25fd7890-9fa0-4b65-91c8-2d4159673db0,78563412efbeadde,up,61,8,7b2264223a5b32382e392c32312e315d2c227366223a382c2274223a35347d,"{""d"":[28.9,21.1],""sf"":8,""t"":54}","{""d"": [28.9, 21.1], ""sf"": 8, ""t"": 54}",aa555a0000000000,-76,9.2,SF8,125000,868500000,,,,28.9,21.1,,,,,payload_json,array_d
2025-07-08 00:23:25,d6d9c52a,25fd7890-9fa0-4b65-91c8-2d4159673db0,78563412efbeadde,up,62,8,7b2264223a5b32392e342c32312e365d2c227366223a392c2274223a35357d,"{""d"":[29.4,21.6],""sf"":9,""t"":55}","{""d"": [29.4, 21.6], ""sf"": 9, ""t"": 55}",aa555a0000000000,-75,6.0,SF9,125000,868300000,,,,29.4,21.6,,,,,payload_json,array_d
2025-07-08 00:23:33,d6d9c52a,25fd7890-9fa0-4b65-91c8-2d4159673db0,78563412efbeadde,up,63,8,7b2264223a5b33302e322c32312e345d2c227366223a31302c2274223a35367d,"{""d"":[30.2,21.4],""sf"":10,""t"":56}","{""d"": [30.2, 21.4], ""sf"": 10, ""t"": 56}",aa555a0000000000,-76,8.5,SF10,125000,868300000,,,,30.2,21.4,,,,,payload_json,array_d
2025-07-08 00:23:42,d6d9c52a,25fd7890-9fa0-4b65-91c8-2d4159673db0,78563412efbeadde,up,64,8,7b2264223a5b33302e342c32302e375d2c227366223a31312c2274223a35377d,"{""d"":[30.4,20.7],""sf"":11,""t"":57}","{""d"": [30.4, 20.7], ""sf"": 11, ""t"": 57}",aa555a0000000000,-76,8.5,SF11,125000,868100000,,,,30.4,20.7,,,,,payload_json,array_d
2025-07-08 00:23:52,d6d9c52a,25fd7890-9fa0-4b65-91c8-2d4159673db0,78563412efbeadde,up,65,8,7b2264223a5b32392e352c32302e345d2c227366223a31322c2274223a35387d,"{""d"":[29.5,20.4],""sf"":12,""t"":58}","{""d"": [29.5, 20.4], ""sf"": 12, ""t"": 58}",aa555a0000000000,-75,4.2,SF12,125000,868300000,,,,29.5,20.4,,,,,payload_json,array_d
2025-07-08 00:24:00,d6d9c52a,25fd7890-9fa0-4b65-91c8-2d4159673db0,78563412efbeadde,up,66,8,7b2264223a5b33302e332c32312e325d2c227366223a372c2274223a35397d,"{""d"":[30.3,21.2],""sf"":7,""t"":59}","{""d"": [30.3, 21.2], ""sf"": 7, ""t"": 59}",aa555a0000000000,-78,5.2,SF7,125000,868100000,,,,30.3,21.2,,,,,payload_json,array_d
2025-07-08 00:24:09,d6d9c52a,25fd7890-9fa0-4b65-91c8-2d4159673db0,78563412efbeadde,up,67,8,7b2264223a5b32392e362c32312e355d2c227366223a382c2274223a36307d,"{""d"":[29.6,21.5],""sf"":8,""t"":60}","{""d"": [29.6, 21.5], ""sf"": 8, ""t"": 60}",aa555a0000000000,-77,9.5,SF8,125000,868300000,,,,29.6,21.5,,,,,payload_json,array_d
2025-07-08 00:24:17,d6d9c52a,25fd7890-9fa0-4b65-91c8-2d4159673db0,78563412efbeadde,up,68,8,7b2264223a5b33302e332c32302e365d2c227366223a392c2274223a36307d,"{""d"":[30.3,20.6],""sf"":9,""t"":60}","{""d"": [30.3, 20.6], ""sf"": 9, ""t"": 60}",aa555a0000000000,-79,9.0,SF9,125000,868100000,,,,30.3,20.6,,,,,payload_json,array_d
2025-07-08 00:24:26,d6d9c52a,25fd7890-9fa0-4b65-91c8-2d4159673db0,78563412efbeadde,up,69,8,7b2264223a5b33302e342c32302e385d2c227366223a31302c2274223a36317d,"{""d"":[30.4,20.8],""sf"":10,""t"":61}","{""d"": [30.4, 20.8], ""sf"": 10, ""t"": 61}",aa555a0000000000,-76,6.2,SF10,125000,868100000,,,,30.4,20.8,,,,,payload_json,array_d
2025-07-08 00:24:34,d6d9c52a,25fd7890-9fa0-4b65-91c8-2d4159673db0,78563412efbeadde,up,70,8,7b2264223a5b33302e352c32312e355d2c227366223a31312c2274223a36327d,"{""d"":[30.5,21.5],""sf"":11,""t"":62}","{""d"": [30.5, 21.5], ""sf"": 11, ""t"": 62}",aa555a0000000000,-81,3.0,SF11,125000,868500000,,,,30.5,21.5,,,,,payload_json,array_d
2025-07-08 00:24:45,d6d9c52a,25fd7890-9fa0-4b65-91c8-2d4159673db0,78563412efbeadde,up,71,8,7b2264223a5b33302e352c32302e355d2c227366223a31322c2274223a36337d,"{""d"":[30.5,20.5],""sf"":12,""t"":63}","{""d"": [30.5, 20.5], ""sf"": 12, ""t"": 63}",aa555a0000000000,-75,5.0,SF12,125000,868300000,,,,30.5,20.5,,,,,payload_json,array_d
2025-07-08 00:24:53,d6d9c52a,25fd7890-9fa0-4b65-91c8-2d4159673db0,78563412efbeadde,up,72,8,7b2264223a5b33312e352c31392e355d2c227366223a372c2274223a36347d,"{""d"":[31.5,19.5],""sf"":7,""t"":64}","{""d"": [31.5, 19.5], ""sf"": 7, ""t"": 64}",aa555a0000000000,-75,7.5,SF7,125000,868300000,,,,31.5,19.5,,,,,payload_json,array_d
2025-07-08 00:25:01,d6d9c52a,25fd7890-9fa0-4b65-91c8-2d4159673db0,78563412efbeadde,up,73,8,7b2264223a5b33312e312c31392e345d2c227366223a382c2274223a36357d,"{""d"":[31.1,19.4],""sf"":8,""t"":65}","{""d"": [31.1, 19.4], ""sf"": 8, ""t"": 65}",aa555a0000000000,-77,11.2,SF8,125000,868100000,,,,31.1,19.4,,,,,payload_json,array_d
2025-07-08 00:25:09,d6d9c52a,25fd7890-9fa0-4b65-91c8-2d4159673db0,78563412efbeadde,up,74,8,7b2264223a5b33312e332c31392e365d2c227366223a392c2274223a36367d,"{""d"":[31.3,19.6],""sf"":9,""t"":66}","{""d"": [31.3, 19.6], ""sf"": 9, ""t"": 66}",aa555a0000000000,-76,10.2,SF9,125000,868300000,,,,31.3,19.6,,,,,payload_json,array_d
2025-07-08 00:25:18,d6d9c52a,25fd7890-9fa0-4b65-91c8-2d4159673db0,78563412efbeadde,up,75,8,7b2264223a5b33302e342c31392e385d2c227366223a31302c2274223a36367d,"{""d"":[30.4,19.8],""sf"":10,""t"":66}","{""d"": [30.4, 19.8], ""sf"": 10, ""t"": 66}",aa555a0000000000,-74,8.2,SF10,125000,868100000,,,,30.4,19.8,,,,,payload_json,array_d
2025-07-08 00:25:27,d6d9c52a,25fd7890-9fa0-4b65-91c8-2d4159673db0,78563412efbeadde,up,76,8,7b2264223a5b33302e332c31392e385d2c227366223a31312c2274223a36377d,"{""d"":[30.3,19.8],""sf"":11,""t"":67}","{""d"": [30.3, 19.8], ""sf"": 11, ""t"": 67}",aa555a0000000000,-74,6.0,SF11,125000,868300000,,,,30.3,19.8,,,,,payload_json,array_d
2025-07-08 00:25:37,d6d9c52a,25fd7890-9fa0-4b65-91c8-2d4159673db0,78563412efbeadde,up,77,8,7b2264223a5b32392e332c32302e315d2c227366223a31322c2274223a36387d,"{""d"":[29.3,20.1],""sf"":12,""t"":68}","{""d"": [29.3, 20.1], ""sf"": 12, ""t"": 68}",aa555a0000000000,-72,5.5,SF12,125000,868100000,,,,29.3,20.1,,,,,payload_json,array_d
2025-07-08 00:25:45,d6d9c52a,25fd7890-9fa0-4b65-91c8-2d4159673db0,78563412efbeadde,up,78,8,7b2264223a5b32392e322c31392e395d2c227366223a372c2274223a36397d,"{""d"":[29.2,19.9],""sf"":7,""t"":69}","{""d"": [29.2, 19.9], ""sf"": 7, ""t"": 69}",aa555a0000000000,-76,5.8,SF7,125000,868500000,,,,29.2,19.9,,,,,payload_json,array_d
2025-07-08 00:25:53,d6d9c52a,25fd7890-9fa0-4b65-91c8-2d4159673db0,78563412efbeadde,up,79,8,7b2264223a5b32382e392c31392e375d2c227366223a382c2274223a37307d,"{""d"":[28.9,19.7],""sf"":8,""t"":70}","{""d"": [28.9, 19.7], ""sf"": 8, ""t"": 70}",aa555a0000000000,-75,8.0,SF8,125000,868100000,,,,28.9,19.7,,,,,payload_json,array_d
2025-07-08 00:26:02,d6d9c52a,25fd7890-9fa0-4b65-91c8-2d4159673db0,78563412efbeadde,up,80,8,7b2264223a5b32392e322c32302e305d2c227366223a392c2274223a37317d,"{""d"":[29.2,20.0],""sf"":9,""t"":71}","{""d"": [29.2, 20.0], ""sf"": 9, ""t"": 71}",aa555a0000000000,-82,0.8,SF9,125000,868500000,,,,29.2,20.0,,,,,payload_json,array_d
2025-07-08 00:26:10,d6d9c52a,25fd7890-9fa0-4b65-91c8-2d4159673db0,78563412efbeadde,up,81,8,7b2264223a5b33302e312c31392e315d2c227366223a31302c2274223a37327d,"{""d"":[30.1,19.1],""sf"":10,""t"":72}","{""d"": [30.1, 19.1], ""sf"": 10, ""t"": 72}",aa555a0000000000,-79,7.5,SF10,125000,868100000,,,,30.1,19.1,,,,,payload_json,array_d
2025-07-08 00:26:19,d6d9c52a,25fd7890-9fa0-4b65-91c8-2d4159673db0,78563412efbeadde,up,82,8,7b2264223a5b32392e332c31382e355d2c227366223a31312c2274223a37327d,"{""d"":[29.3,18.5],""sf"":11,""t"":72}","{""d"": [29.3, 18.5], ""sf"": 11, ""t"": 72}",aa555a0000000000,-78,4.2,SF11,125000,868100000,,,,29.3,18.5,,,,,payload_json,array_d
2025-07-08 00:26:29,d6d9c52a,25fd7890-9fa0-4b65-91c8-2d4159673db0,78563412efbeadde,up,83,8,7b2264223a5b32392e312c31382e345d2c227366223a31322c2274223a37337d,"{""d"":[29.1,18.4],""sf"":12,""t"":73}","{""d"": [29.1, 18.4], ""sf"": 12, ""t"": 73}",aa555a0000000000,-64,8.2,SF12,125000,868100000,,,,29.1,18.4,,,,,payload_json,array_d
2025-07-08 00:26:37,d6d9c52a,25fd7890-9fa0-4b65-91c8-2d4159673db0,78563412efbeadde,up,84,8,7b2264223a5b32382e372c31382e355d2c227366223a372c2274223a37347d,"{""d"":[28.7,18.5],""sf"":7,""t"":74}","{""d"": [28.7, 18.5], ""sf"": 7, ""t"": 74}",aa555a0000000000,-63,13.5,SF7,125000,868300000,,,,28.7,18.5,,,,,payload_json,array_d
2025-07-08 00:26:45,d6d9c52a,25fd7890-9fa0-4b65-91c8-2d4159673db0,78563412efbeadde,up,85,8,7b2264223a5b32392e312c31382e335d2c227366223a382c2274223a37357d,"{""d"":[29.1,18.3],""sf"":8,""t"":75}","{""d"": [29.1, 18.3], ""sf"": 8, ""t"": 75}",aa555a0000000000,-64,10.2,SF8,125000,868500000,,,,29.1,18.3,,,,,payload_json,array_d
2025-07-08 00:26:54,d6d9c52a,25fd7890-9fa0-4b65-91c8-2d4159673db0,78563412efbeadde,up,86,8,7b2264223a5b32382e372c31392e315d2c227366223a392c2274223a37367d,"{""d"":[28.7,19.1],""sf"":9,""t"":76}","{""d"": [28.7, 19.1], ""sf"": 9, ""t"": 76}",aa555a0000000000,-59,12.5,SF9,125000,868100000,,,,28.7,19.1,,,,,payload_json,array_d
2025-07-08 00:27:02,d6d9c52a,25fd7890-9fa0-4b65-91c8-2d4159673db0,78563412efbeadde,up,87,8,7b2264223a5b32382e322c31382e395d2c227366223a31302c2274223a37377d,"{""d"":[28.2,18.9],""sf"":10,""t"":77}","{""d"": [28.2, 18.9], ""sf"": 10, ""t"": 77}",aa555a0000000000,-59,12.5,SF10,125000,868300000,,,,28.2,18.9,,,,,payload_json,array_d
2025-07-08 00:27:11,d6d9c52a,25fd7890-9fa0-4b65-91c8-2d4159673db0,78563412efbeadde,up,88,8,7b2264223a5b32382e392c31392e315d2c227366223a31312c2274223a37387d,"{""d"":[28.9,19.1],""sf"":11,""t"":78}","{""d"": [28.9, 19.1], ""sf"": 11, ""t"": 78}",aa555a0000000000,-62,7.8,SF11,125000,868500000,,,,28.9,19.1,,,,,payload_json,array_d
2025-07-08 00:27:21,d6d9c52a,25fd7890-9fa0-4b65-91c8-2d4159673db0,78563412efbeadde,up,89,8,7b2264223a5b32392e372c31382e315d2c227366223a31322c2274223a37387d,"{""d"":[29.7,18.1],""sf"":12,""t"":78}","{""d"": [29.7, 18.1], ""sf"": 12, ""t"": 78}",aa555a0000000000,-63,8.5,SF12,125000,868300000,,,,29.7,18.1,,,,,payload_json,array_d
2025-07-08 00:27:29,d6d9c52a,25fd7890-9fa0-4b65-91c8-2d4159673db0,78563412efbeadde,up,90,8,7b2264223a5b33302e352c31382e365d2c227366223a372c2274223a37397d,"{""d"":[30.5,18.6],""sf"":7,""t"":79}","{""d"": [30.5, 18.6], ""sf"": 7, ""t"": 79}",aa555a0000000000,-82,5.8,SF7,125000,868500000,,,,30.5,18.6,,,,,payload_json,array_d
2025-07-08 00:27:38,d6d9c52a,25fd7890-9fa0-4b65-91c8-2d4159673db0,78563412efbeadde,up,91,8,7b2264223a5b33302e332c31392e365d2c227366223a382c2274223a38307d,"{""d"":[30.3,19.6],""sf"":8,""t"":80}","{""d"": [30.3, 19.6], ""sf"": 8, ""t"": 80}",aa555a0000000000,-78,5.2,SF8,125000,868500000,,,,30.3,19.6,,,,,payload_json,array_d
2025-07-08 00:27:46,d6d9c52a,25fd7890-9fa0-4b65-91c8-2d4159673db0,78563412efbeadde,up,92,8,7b2264223a5b32392e352c31382e365d2c227366223a392c2274223a38317d,"{""d"":[29.5,18.6],""sf"":9,""t"":81}","{""d"": [29.5, 18.6], ""sf"": 9, ""t"": 81}",aa555a0000000000,-53,13.0,SF9,125000,868100000,,,,29.5,18.6,,,,,payload_json,array_d
2025-07-08 00:27:54,d6d9c52a,25fd7890-9fa0-4b65-91c8-2d4159673db0,78563412efbeadde,up,93,8,7b2264223a5b32392e372c31382e345d2c227366223a31302c2274223a38327d,"{""d"":[29.7,18.4],""sf"":10,""t"":82}","{""d"": [29.7, 18.4], ""sf"": 10, ""t"": 82}",aa555a0000000000,-55,11.8,SF10,125000,868300000,,,,29.7,18.4,,,,,payload_json,array_d
2025-07-08 00:28:03,d6d9c52a,25fd7890-9fa0-4b65-91c8-2d4159673db0,78563412efbeadde,up,94,8,7b2264223a5b33302e372c31382e395d2c227366223a31312c2274223a38337d,"{""d"":[30.7,18.9],""sf"":11,""t"":83}","{""d"": [30.7, 18.9], ""sf"": 11, ""t"": 83}",aa555a0000000000,-57,9.8,SF11,125000,868100000,,,,30.7,18.9,,,,,payload_json,array_d
2025-07-08 00:28:13,d6d9c52a,25fd7890-9fa0-4b65-91c8-2d4159673db0,78563412efbeadde,up,95,8,7b2264223a5b33302e342c31392e335d2c227366223a31322c2274223a38347d,"{""d"":[30.4,19.3],""sf"":12,""t"":84}","{""d"": [30.4, 19.3], ""sf"": 12, ""t"": 84}",aa555a0000000000,-59,7.2,SF12,125000,868500000,,,,30.4,19.3,,,,,payload_json,array_d
2025-07-08 00:28:22,d6d9c52a,25fd7890-9fa0-4b65-91c8-2d4159673db0,78563412efbeadde,up,96,8,7b2264223a5b32392e362c31392e395d2c227366223a372c2274223a38357d,"{""d"":[29.6,19.9],""sf"":7,""t"":85}","{""d"": [29.6, 19.9], ""sf"": 7, ""t"": 85}",aa555a0000000000,-59,13.8,SF7,125000,868100000,,,,29.6,19.9,,,,,payload_json,array_d
2025-07-08 00:28:30,d6d9c52a,25fd7890-9fa0-4b65-91c8-2d4159673db0,78563412efbeadde,up,97,8,7b2264223a5b33302e332c32302e385d2c227366223a382c2274223a38367d,"{""d"":[30.3,20.8],""sf"":8,""t"":86}","{""d"": [30.3, 20.8], ""sf"": 8, ""t"": 86}",aa555a0000000000,-55,16.2,SF8,125000,868100000,,,,30.3,20.8,,,,,payload_json,array_d
2025-07-08 00:28:38,d6d9c52a,25fd7890-9fa0-4b65-91c8-2d4159673db0,78563412efbeadde,up,98,8,7b2264223a5b32392e362c32312e375d2c227366223a392c2274223a38367d,"{""d"":[29.6,21.7],""sf"":9,""t"":86}","{""d"": [29.6, 21.7], ""sf"": 9, ""t"": 86}",aa555a0000000000,-60,14.8,SF9,125000,868300000,,,,29.6,21.7,,,,,payload_json,array_d
2025-07-08 00:28:56,d6d9c52a,25fd7890-9fa0-4b65-91c8-2d4159673db0,78563412efbeadde,up,100,8,7b2264223a5b33302e352c32322e305d2c227366223a31312c2274223a38387d,"{""d"":[30.5,22.0],""sf"":11,""t"":88}","{""d"": [30.5, 22.0], ""sf"": 11, ""t"": 88}",aa555a0000000000,-59,9.2,SF11,125000,868300000,,,,30.5,22.0,,,,,payload_json,array_d
2025-07-08 00:29:06,d6d9c52a,25fd7890-9fa0-4b65-91c8-2d4159673db0,78563412efbeadde,up,101,8,7b2264223a5b33312e302c32312e355d2c227366223a31322c2274223a38397d,"{""d"":[31.0,21.5],""sf"":12,""t"":89}","{""d"": [31.0, 21.5], ""sf"": 12, ""t"": 89}",aa555a0000000000,-57,10.2,SF12,125000,868300000,,,,31.0,21.5,,,,,payload_json,array_d
